,palmOil,controversialWeapons,gambling,socialScore,nuclear,furLeather,alcoholic,gmo,catholic,socialPercentile,peerCount,governanceScore,environmentPercentile,animalTesting,tobacco,totalEsg,highestControversy,esgPerformance,coal,pesticides,adult,percentile,peerGroup,smallArms,environmentScore,governancePercentile,militaryContract,company_ticker
Value,False,False,False,10.81,False,False,False,False,False,,92,4.94,,False,False,24.76,3,AVG_PERF,False,False,False,39.92,Food Products,False,9,,False,KO
Value,False,False,False,7.99,False,False,False,False,False,,53,8.64,,False,False,16.92,3,UNDER_PERF,False,False,False,13.68,Technology Hardware,False,0.29,,False,AAPL
Value,False,False,False,8.06,False,False,False,False,False,,99,4.73,,False,False,13.26,3,UNDER_PERF,False,False,False,5.64,Software & Services,False,0.46,,False,MSFT
Value,False,False,False,14.58,False,False,False,False,False,,57,9.66,,False,False,30.93,3,OUT_PERF,False,False,False,62.88,Retailing,False,6.7,,False,AMZN
Value,False,False,False,16.63,False,False,False,False,False,,99,10.18,,False,False,28.03,4,AVG_PERF,False,False,False,52.35,Software & Services,False,1.22,,False,FB
Value,False,False,False,17.31,False,False,False,False,False,,37,10.2,,False,False,30.46,3,OUT_PERF,False,False,False,61.16,Automobiles,False,2.95,,False,TSLA
Value,False,False,False,10.79,False,False,False,False,False,,99,11.62,,False,False,22.89,4,AVG_PERF,False,False,False,32.95,Software & Services,False,0.48,,False,GOOGL
Value,False,False,False,20.05,False,False,False,False,True,,83,8.02,,True,False,28.82,4,AVG_PERF,False,False,False,55.27,Pharmaceuticals,False,0.74,,False,JNJ
Value,False,False,False,16.35,False,False,False,False,False,,165,10.55,,False,False,28,3,AVG_PERF,False,False,False,52.24,Banks,False,1.11,,False,JPM
Value,False,False,False,7.84,False,False,False,False,False,,99,7.51,,False,False,16.06,3,UNDER_PERF,False,False,False,11.41,Software & Services,False,0.71,,False,V
Value,False,False,False,14.23,False,False,False,False,True,,55,5.91,,False,False,20.19,3,AVG_PERF,False,False,False,23.54,Healthcare,False,0.03,,False,UNH
Value,False,False,False,10.31,False,False,False,False,False,,27,7.36,,True,False,26.97,3,AVG_PERF,False,False,False,48.27,Household Products,False,9.31,,False,PG
Value,False,False,False,4.11,False,False,False,False,False,,29,6.13,,False,False,12.77,2,UNDER_PERF,False,False,False,4.74,Semiconductors,False,2.5300000000000002,,False,NVDA
Value,False,False,False,7.06,False,False,False,False,False,,36,7.77,,False,False,14.89,2,UNDER_PERF,False,False,False,8.85,Media,False,0.07,,False,DIS
Value,False,False,False,8.1,False,False,False,False,False,,99,8.81,,False,False,17.23,4,UNDER_PERF,False,False,False,14.54,Software & Services,False,0.32,,False,MA
Value,False,False,False,4.85,False,False,False,False,False,,57,3.52,,False,False,11.45,2,UNDER_PERF,False,False,False,3.15,Retailing,False,3.07,,False,HD
Value,False,False,False,9.39,False,False,False,False,False,,99,6.07,,False,False,16.2,2,UNDER_PERF,False,False,False,11.84,Software & Services,False,0.74,,False,PYPL
Value,False,False,False,13.93,False,False,False,False,False,,165,11.46,,False,False,27.01,3,AVG_PERF,False,False,False,48.4,Banks,False,1.62,,False,BAC
Value,False,False,False,10.2,False,False,False,False,False,,66,6,,False,False,17.91,3,UNDER_PERF,False,False,False,16.69,Telecommunication Services,False,1.71,,False,VZ
Value,False,False,False,12.11,False,False,False,False,False,,66,7.92,,False,False,24.59,2,AVG_PERF,False,False,False,39.25,Telecommunication Services,False,4.5600000000000005,,False,CMCSA
Value,False,False,False,5.65,False,False,False,False,False,,99,4.64,,False,False,10.78,1,UNDER_PERF,False,False,False,2.49,Software & Services,False,0.48,,False,ADBE
Value,False,False,False,6.75,False,False,False,False,False,,36,9.92,,False,False,16.79,2,UNDER_PERF,False,False,False,13.39,Media,False,0.12,,False,NFLX
Value,False,False,False,6.06,False,False,False,False,False,,29,7.05,,False,False,16.96,3,UNDER_PERF,False,False,False,13.78,Semiconductors,False,3.84,,False,INTC
Value,False,False,False,10.9,False,False,False,False,False,,66,6.38,,False,False,19.13,3,UNDER_PERF,False,False,False,20.21,Telecommunication Services,False,1.85,,False,T
Value,False,False,False,11.18,False,False,False,False,True,,83,10.42,,True,False,22.39,3,AVG_PERF,False,False,False,31.08,Pharmaceuticals,False,0.79,,False,MRK
Value,False,False,False,13.07,False,False,False,False,True,,83,9.63,,True,False,24.53,3,AVG_PERF,False,False,False,39,Pharmaceuticals,False,1.82,,False,PFE
Value,False,False,False,17.32,False,False,False,False,False,,33,6.51,,False,False,27.23,4,AVG_PERF,False,False,False,49.23,Food Retailers,False,3.4,,False,WMT
Value,False,False,False,6.5600000000000005,False,False,False,False,False,,99,4.25,,False,False,11.25,2,UNDER_PERF,False,False,False,2.91,Software & Services,False,0.44,,False,CRM
Value,False,False,False,6.03,False,False,False,False,True,,83,6.46,,True,False,14.01,3,UNDER_PERF,False,False,False,7.1,Pharmaceuticals,False,1.52,,False,TMO
Value,False,False,False,13.54,False,False,False,False,True,,55,9.39,,True,False,25.96,3,AVG_PERF,False,False,False,44.64,Healthcare,False,3.03,,False,ABT
Value,False,False,False,7.79,False,False,False,False,False,,92,4.55,,True,False,17.41,3,UNDER_PERF,False,False,False,14.98,Food Products,False,5.07,,False,PEP
Value,False,False,False,10.81,False,False,False,False,False,,92,4.94,,False,False,24.76,3,AVG_PERF,False,False,False,39.92,Food Products,False,9,,False,KO
Value,False,False,False,10.57,False,False,False,False,False,,64,8.26,,False,False,35.77,3,OUT_PERF,False,False,False,77.93,Oil & Gas Producers,False,16.94,,False,XOM
Value,False,False,False,5.5600000000000005,False,False,False,False,False,,53,5.83,,False,False,11.42,2,UNDER_PERF,False,False,False,3.12,Technology Hardware,False,0.03,,False,CSCO
Value,False,False,False,16.64,False,False,False,False,True,,83,10.1,,True,False,27.38,3,AVG_PERF,False,False,False,49.74,Pharmaceuticals,False,0.65,,False,ABBV
Value,False,False,False,5.61,False,False,False,False,False,,18,7.28,,False,False,15.38,3,UNDER_PERF,False,False,False,9.86,Textiles & Apparel,False,2.48,,False,NKE
Value,False,False,False,8.66,False,False,False,False,False,,29,7.8,,False,False,25.42,3,AVG_PERF,False,False,False,42.43,Semiconductors,False,8.96,,False,AVGO
Value,False,False,False,3.49,False,False,False,False,False,,29,8.64,,False,False,18.47,4,UNDER_PERF,False,False,False,18.31,Semiconductors,False,6.34,,False,QCOM
Value,False,False,False,10.67,False,False,False,False,False,,64,10.21,,True,False,41.16,3,LEAD_PERF,False,False,False,88.39,Oil & Gas Producers,False,20.29,,False,CVX
Value,False,False,False,5.37,False,False,False,False,False,,99,5.49,,False,False,11.41,2,UNDER_PERF,False,False,False,3.1,Software & Services,False,0.55,,False,ACN
Value,False,False,False,11.02,False,False,False,False,False,,33,6.11,,False,False,23.2,3,AVG_PERF,False,False,False,34.05,Food Retailers,False,6.07,,False,COST
Value,False,False,False,13.39,False,False,False,False,False,,55,7.75,,True,False,23.48,3,AVG_PERF,False,False,False,35.08,Healthcare,False,2.34,,False,MDT
Value,False,False,False,14.65,False,False,False,False,False,,42,5.53,,False,False,23.84,3,AVG_PERF,False,False,False,36.38,Consumer Services,False,3.67,,False,MCD
Value,False,False,False,8.17,True,False,False,False,False,,103,5.8100000000000005,,False,False,26.93,2,AVG_PERF,True,False,False,48.13,Utilities,False,12.93,,False,NEE
Value,False,False,False,5.02,False,False,False,False,False,,29,6.47,,False,False,20.28,2,AVG_PERF,False,False,False,23.88,Semiconductors,False,8.8,,False,TXN
Value,False,False,False,9.76,False,False,False,False,True,,83,6.59,,True,False,17.73,2,UNDER_PERF,False,False,False,16.12,Pharmaceuticals,False,1.38,,False,DHR
Value,False,True,False,12.1,False,False,False,False,False,,35,8.59,,False,False,30.7,3,OUT_PERF,False,False,False,62.08,Industrial Conglomerates,False,10.02,,True,HON
Value,False,False,False,12.14,False,False,False,False,False,,41,3.6,,False,False,25.17,2,AVG_PERF,False,False,False,41.53,Transportation,False,9.43,,False,UNP
Value,False,False,False,15.2,False,False,False,False,True,,83,7.76,,True,False,22.99,2,AVG_PERF,False,False,False,33.31,Pharmaceuticals,False,0.03,,False,BMY
Value,False,False,False,16.15,False,False,False,False,False,,165,15.64,,False,False,33.1,5,OUT_PERF,False,False,False,70.11,Banks,False,1.31,,False,WFC
Value,False,False,False,10.83,False,False,False,False,False,,165,12.64,,False,False,25.21,4,AVG_PERF,False,False,False,41.69,Banks,False,1.75,,False,C
Value,False,False,False,13.09,False,False,False,False,True,,83,6.3,,True,False,19.42,2,UNDER_PERF,False,False,False,21.11,Pharmaceuticals,False,0.03,,False,AMGN
Value,False,False,False,17.23,False,False,False,False,True,,83,10.48,,True,False,29.41,2,AVG_PERF,False,False,False,57.44,Pharmaceuticals,False,1.7000000000000002,,False,LLY
Value,False,False,False,11.32,False,False,False,False,False,,92,8.75,,True,True,23.85,3,AVG_PERF,False,False,False,36.39,Food Products,False,3.79,,False,PM
Value,False,False,False,13.49,False,False,False,False,False,,42,4.32,,False,False,21.2,2,AVG_PERF,False,False,False,26.88,Consumer Services,False,3.39,,False,SBUX
Value,False,False,False,4.63,False,False,False,False,False,,57,3.32,,False,False,11.66,2,UNDER_PERF,False,False,False,3.35,Retailing,False,3.7,,False,LOW
Value,False,False,False,10.58,False,False,False,False,False,,99,6.84,,False,False,17.84,2,UNDER_PERF,False,False,False,16.44,Software & Services,False,0.43,,False,ORCL
Value,False,False,False,6.67,False,False,False,False,False,,99,7.46,,False,False,14.59,2,UNDER_PERF,False,False,False,8.24,Software & Services,False,0.47000000000000003,,False,IBM
Value,False,False,False,9.23,False,False,False,False,False,,41,5.68,,False,False,20.5,3,AVG_PERF,False,False,False,24.68,Transportation,False,5.59,,False,UPS
Value,False,True,False,19.72,False,False,False,False,False,,22,8.22,,False,False,36.09,4,OUT_PERF,False,False,False,78.88,Aerospace & Defense,False,8.15,,True,BA
Value,False,False,False,11.96,False,False,False,False,False,,85,10.08,,False,False,22.76,3,AVG_PERF,False,False,False,32.47,Diversified Financials,False,0.72,,False,MS
Value,False,False,False,9.7,False,False,False,False,False,,85,10.08,,False,False,21.26,2,AVG_PERF,False,False,False,27.05,Diversified Financials,False,1.49,,False,BLK
Value,False,False,False,18.47,False,False,False,False,False,,53,8.62,,False,False,34.28,4,OUT_PERF,False,False,False,73.85,Machinery,False,7.18,,False,CAT
Value,False,False,False,13.05,False,False,False,False,False,,85,10.68,,False,False,24.98,3,AVG_PERF,False,False,False,40.7,Diversified Financials,False,1.25,,False,GS
Value,False,False,False,9.18,False,False,False,False,False,,99,6.2,,False,False,16.84,1,UNDER_PERF,False,False,False,13.49,Software & Services,False,1.46,,False,NOW
Value,False,False,False,15.72,False,False,False,False,True,,35,11.98,,True,False,43.35,3,LEAD_PERF,False,False,False,91.5,Industrial Conglomerates,False,15.65,,True,GE
Value,False,False,False,13.6,False,False,False,False,False,,35,8.08,,True,False,34.88,3,OUT_PERF,False,False,False,75.51,Industrial Conglomerates,False,13.2,,False,MMM
Value,False,False,False,9.98,False,False,False,False,False,,103,5.51,,False,False,16.59,2,UNDER_PERF,False,False,False,11.77,Software & Services,False,1.11,,False,INTU
Value,False,False,False,16.39,False,False,False,False,False,,55,6.44,,False,False,22.86,3,AVG_PERF,False,False,False,32.86,Healthcare,False,0.03,,False,CVS
Value,False,False,False,3.7800000000000002,False,False,False,False,False,,105,4.8100000000000005,,False,False,12.33,0,UNDER_PERF,False,False,False,4.16,Real Estate,False,3.73,,False,AMT
Value,False,False,False,7.63,False,False,False,False,False,,57,5.34,,False,False,15.04,3,UNDER_PERF,False,False,False,9.16,Retailing,False,2.08,,False,TGT
Value,False,False,False,13.94,False,False,False,False,False,,55,10.58,,True,False,29.5,1,AVG_PERF,False,False,False,57.81,Healthcare,False,4.97,,False,ISRG
Value,False,False,False,9.24,False,False,False,False,False,,54,3.7,,False,False,16.72,2,UNDER_PERF,False,False,False,12.1,Machinery,False,3.7800000000000002,,False,DE
Value,False,False,False,13.1,False,False,False,False,False,,66,7.58,,False,False,26.25,2,AVG_PERF,False,False,False,45.8,Telecommunication Services,False,5.57,,False,CHTR
Value,False,False,False,9.68,False,False,False,False,False,,57,6.24,,False,False,19.8,2,UNDER_PERF,False,False,False,22.27,Retailing,False,3.88,,False,BKNG
Value,False,False,False,10.16,False,False,False,False,False,,85,11.93,,False,False,24.41,2,AVG_PERF,False,False,False,38.6,Diversified Financials,False,2.33,,False,SCHW
Value,False,False,False,4.2,False,False,False,False,False,,29,6.41,,False,False,17.87,2,UNDER_PERF,False,False,False,16.52,Semiconductors,False,7.26,,False,MU
Value,False,False,False,3.15,False,False,False,False,False,,29,4.97,,False,False,12.27,0,UNDER_PERF,False,False,False,4.09,Semiconductors,False,4.14,,False,AMAT
Value,False,True,False,15.95,False,False,False,False,False,,22,7.42,,False,False,28.64,3,AVG_PERF,False,False,False,54.48,Aerospace & Defense,False,5.27,,True,LMT
Value,False,False,False,11.14,False,False,False,False,False,,99,5.83,,False,False,18.23,1,UNDER_PERF,False,False,False,17.58,Software & Services,False,1.27,,False,FIS
Value,False,False,False,7.19,False,False,False,False,False,,57,5.61,,False,False,14.82,2,UNDER_PERF,False,False,False,8.69,Retailing,False,2.03,,False,TJX
Value,False,False,False,5.98,False,False,False,False,False,,55,5.8,,False,False,11.81,2,UNDER_PERF,False,False,False,3.5300000000000002,Healthcare,False,0.03,,False,ANTM
Value,False,False,False,10.78,False,False,False,False,False,,92,5.16,,True,False,23.39,3,AVG_PERF,False,False,False,34.72,Food Products,False,7.45,,False,MDLZ
Value,False,False,False,14.83,False,False,False,False,False,,55,11.86,,True,False,30.9,3,OUT_PERF,False,False,False,62.82,Healthcare,False,4.21,,False,SYK
Value,False,False,False,5.99,False,False,False,False,False,,61,5.65,,False,False,11.65,2,UNDER_PERF,False,False,False,2.83,Healthcare,False,0.02,,False,CI
Value,False,False,False,7.7,False,False,False,False,False,,83,9.19,,True,False,18.27,1,UNDER_PERF,False,False,False,17.69,Pharmaceuticals,False,1.38,,False,ZTS
Value,False,False,False,11.24,False,False,False,False,False,,85,8.51,,False,False,19.81,2,UNDER_PERF,False,False,False,22.31,Diversified Financials,False,0.05,,False,AXP
Value,False,False,False,5.77,False,False,False,False,False,,94,5.37,,False,False,12.71,1,UNDER_PERF,False,False,False,4.13,Diversified Financials,False,1.57,,False,SPGI
Value,False,False,False,14.04,False,False,False,False,False,,83,8.17,,True,False,22.24,2,AVG_PERF,False,False,False,30.47,Pharmaceuticals,False,0.03,,False,GILD
Value,False,False,False,13.39,False,False,False,False,False,,66,7.31,,False,False,23.41,3,AVG_PERF,False,False,False,34.8,Telecommunication Services,False,2.7199999999999998,,False,TMUS
Value,False,False,False,12.98,False,False,False,False,False,,92,6.76,,True,True,24.4,2,AVG_PERF,False,False,False,38.57,Food Products,False,4.66,,False,MO
Value,False,False,False,4.52,False,False,False,False,False,,29,5.1,,False,False,14.74,1,UNDER_PERF,False,False,False,8.56,Semiconductors,False,5.11,,False,LRCX
Value,False,False,False,15.71,False,False,False,False,True,,55,9.47,,True,False,29.01,3,AVG_PERF,False,False,False,56.01,Healthcare,False,3.83,,False,BDX
Value,False,False,False,7.18,False,False,False,False,False,,99,5.44,,False,False,13.68,1,UNDER_PERF,False,False,False,6.48,Software & Services,False,1.07,,False,ADP
Value,False,False,False,8.99,False,False,False,False,False,,41,3.62,,False,False,18.37,3,UNDER_PERF,False,False,False,18,Transportation,False,5.75,,False,CSX
Value,False,False,False,6.21,False,False,False,False,False,,85,6.21,,False,False,14.55,1,UNDER_PERF,False,False,False,8.17,Diversified Financials,False,2.13,,False,CME
Value,False,False,False,3.38,False,False,False,False,False,,105,4.23,,False,False,10.05,1,UNDER_PERF,False,False,False,1.9300000000000002,Real Estate,False,2.44,,False,PLD
Value,False,False,False,11.23,False,False,False,False,False,,91,11.01,,False,False,23.86,2,AVG_PERF,False,False,False,36.41,Insurance,False,1.62,,False,CB
Value,False,False,False,8.81,False,False,False,False,False,,27,5.3,,True,False,20.75,3,AVG_PERF,False,False,False,25.36,Household Products,False,6.64,,False,CL
Value,False,False,False,9.22,False,False,False,False,False,,99,4.87,,False,False,15.45,0,UNDER_PERF,False,False,False,10.03,Software & Services,False,1.37,,False,ADSK
Value,False,False,False,9.84,False,False,False,False,False,,103,6.15,,False,False,16.15,2,UNDER_PERF,False,False,False,10.62,Software & Services,False,0.15,,False,ATVI
Value,False,False,False,15.85,False,False,False,False,False,,165,12.44,,False,False,30,3,OUT_PERF,False,False,False,59.64,Banks,False,1.71,,False,USB
Value,False,False,False,12.39,False,False,False,False,False,,165,8.3,,False,False,22.46,3,AVG_PERF,False,False,False,31.34,Banks,False,1.77,,False,PNC
Value,False,False,False,8.49,True,False,False,False,False,,103,4.94,,False,False,28.5,3,AVG_PERF,True,False,False,54,Utilities,False,15.06,,False,DUK
Value,False,False,False,10.73,False,False,False,False,False,,99,6.41,,False,False,18.34,2,UNDER_PERF,False,False,False,17.87,Software & Services,False,1.19,,False,FISV
Value,False,False,False,2.92,False,False,False,False,False,,108,5.09,,False,False,13.22,0,UNDER_PERF,False,False,False,4.84,Real Estate,False,5.21,,False,CCI
Value,False,False,False,6.76,False,False,False,False,False,,94,7.42,,False,False,15.71,3,UNDER_PERF,False,False,False,9.72,Diversified Financials,False,1.53,,False,ICE
Value,False,False,False,10.95,True,False,False,False,False,,103,6.89,,False,False,33.51,2,OUT_PERF,True,False,False,71.45,Utilities,False,15.68,,False,SO
Value,False,False,False,12.37,False,False,False,False,False,,41,3.44,,False,False,24.42,2,AVG_PERF,False,False,False,38.61,Transportation,False,8.61,,False,NSC
Value,False,False,False,1.43,False,False,False,False,False,,78,3.65,,False,False,11.18,1,UNDER_PERF,False,False,False,2.44,Chemicals,False,6.09,,False,APD
Value,False,False,False,10.98,False,False,False,False,False,,99,7.05,,False,False,19.29,2,UNDER_PERF,False,False,False,20.67,Software & Services,False,1.25,,False,GPN
Value,False,False,False,17.22,False,False,False,False,True,,83,7.68,,True,False,25.05,2,AVG_PERF,False,False,False,41.01,Pharmaceuticals,False,0.15,,False,VRTX
Value,False,False,False,5.67,False,False,False,False,False,,105,5.7,,False,False,14.62,1,UNDER_PERF,False,False,False,8.35,Real Estate,False,3.25,,False,EQIX
Value,False,False,False,9.17,False,False,False,False,False,,53,6.38,,False,False,19.94,2,UNDER_PERF,False,False,False,22.72,Machinery,False,4.38,,False,ITW
Value,False,False,False,11.06,False,False,False,False,False,,73,5.96,,True,False,29.41,2,AVG_PERF,False,False,False,57.41,Chemicals,False,12.4,,False,SHW
Value,False,False,False,8.96,True,False,False,False,False,,103,6.27,,False,False,28.24,2,AVG_PERF,True,False,False,52.97,Utilities,False,13.01,,False,D
Value,False,False,False,9.97,False,False,False,False,False,,41,5.9,,False,False,20.94,2,AVG_PERF,False,False,False,26.05,Transportation,False,5.07,,False,FDX
Value,False,False,False,9.13,False,False,False,False,False,,73,7.39,,True,False,30.04,3,OUT_PERF,False,False,False,59.73,Chemicals,False,13.52,,False,DD
Value,False,False,False,17.13,False,False,False,False,False,,60,5.42,,False,False,22.65,2,AVG_PERF,False,False,False,30.68,Healthcare,False,0.1,,False,HUM
Value,False,False,False,9.32,False,False,False,False,False,,29,8.05,,True,False,24.28,2,AVG_PERF,False,False,False,36.69,Household Products,False,6.9,,False,EL
Value,False,False,False,7.53,False,False,False,False,False,,29,7.03,,False,False,23.82,0,AVG_PERF,False,False,False,36.23,Semiconductors,False,9.25,,True,ADI
Value,False,False,False,8.36,False,False,False,False,False,,91,10.72,,False,False,19.18,2,UNDER_PERF,False,False,False,20.35,Insurance,False,0.11,,False,MMC
Value,False,False,False,8.44,False,False,False,False,False,,73,6.17,,True,False,24.09,2,AVG_PERF,False,False,False,37.44,Chemicals,False,9.48,,False,ECL
Value,False,False,False,3.6,False,False,False,False,True,,83,6.63,,True,False,11.45,3,UNDER_PERF,False,False,False,3.15,Pharmaceuticals,False,1.22,,False,ILMN
Value,False,False,False,8.96,False,False,False,False,False,,55,7.65,,True,False,19.04,2,UNDER_PERF,False,False,False,19.92,Healthcare,False,2.43,,False,EW
Value,False,False,False,9.52,False,False,False,False,False,,91,11.93,,False,False,23.19,2,AVG_PERF,False,False,False,34.03,Insurance,False,1.75,,False,PGR
Value,False,False,False,12.56,False,False,False,False,False,,37,7.67,,False,False,30.51,4,OUT_PERF,False,False,False,61.37,Automobiles,False,10.28,,False,GM
Value,False,False,False,8.48,False,False,False,False,False,,57,5.15,,False,False,16.88,2,UNDER_PERF,False,False,False,13.6,Retailing,False,3.25,,False,DG
Value,False,False,False,15.36,False,False,False,False,False,,60,10.48,,True,False,28.83,2,AVG_PERF,False,False,False,53.67,Healthcare,False,2.99,,False,BSX
Value,False,False,False,9.94,False,False,False,False,False,,15,5.05,,False,False,23.22,3,AVG_PERF,False,False,False,34.12,Precious Metals,False,8.24,,False,NEM
Value,False,False,False,6.63,False,False,False,False,False,,19,5.51,,False,False,17.01,1,UNDER_PERF,False,False,False,12.87,Electrical Equipment,False,4.87,,True,ETN
Value,False,False,False,13.46,False,False,False,False,False,,85,9.71,,False,False,23.22,4,AVG_PERF,False,False,False,34.1,Diversified Financials,False,0.05,,False,COF
Value,False,False,False,13.18,False,False,False,False,True,,83,7.33,,True,False,20.54,2,AVG_PERF,False,False,False,24.76,Pharmaceuticals,False,0.03,,False,REGN
Value,False,False,False,14.25,False,False,False,False,False,,53,6.87,,False,False,30.99,2,OUT_PERF,False,False,False,63.1,Machinery,False,9.87,,False,EMR
Value,False,False,False,9.83,False,False,False,False,False,,64,7.2,,False,False,35.98,2,OUT_PERF,False,False,False,78.55,Oil & Gas Producers,False,18.96,,False,COP
Value,False,False,False,3.61,False,False,False,False,False,,33,3.58,,False,False,14.89,2,UNDER_PERF,False,False,False,8.05,Commercial Services,False,7.69,,False,WM
Value,False,False,False,15.52,False,False,False,False,True,,60,7.44,,False,False,26.26,2,AVG_PERF,False,False,False,44.24,Healthcare,False,3.29,,False,HCA
Value,False,False,False,5.86,False,False,False,False,False,,85,5.76,,False,False,11.66,2,UNDER_PERF,False,False,False,3.34,Diversified Financials,False,0.03,,False,MCO
Value,False,True,False,16.79,False,False,False,False,False,,22,4.76,,False,False,30.3,3,OUT_PERF,False,False,False,60.71,Aerospace & Defense,True,8.74,,True,NOC
Value,False,False,False,10.54,False,False,False,False,False,,26,4.88,,False,False,33.92,4,OUT_PERF,False,False,False,72.7,Diversified Metals,False,18.5,,False,FCX
Value,False,False,False,13.72,False,False,False,False,False,,99,5.44,,False,False,20.28,0,AVG_PERF,False,False,False,23.91,Software & Services,False,1.13,,False,ROP
Value,False,False,False,7.68,False,False,False,False,False,,27,6.42,,True,False,22.15,2,AVG_PERF,False,False,False,30.12,Household Products,False,8.05,,False,KMB
Value,False,False,False,8,False,False,False,False,False,,57,5.73,,False,False,15.32,2,UNDER_PERF,False,False,False,9.77,Retailing,False,1.6,,False,ROST
Value,False,False,False,10.43,False,False,False,False,False,,103,6.2,,False,False,17.74,2,UNDER_PERF,False,False,False,14.92,Software & Services,False,1.11,,False,CTSH
Value,False,False,False,6.73,False,False,False,False,False,,29,5.96,,False,False,19.52,0,UNDER_PERF,False,False,False,21.44,Semiconductors,False,6.84,,False,KLAC
Value,False,False,False,4.53,False,False,False,False,False,,53,4.93,,False,False,16.11,1,UNDER_PERF,False,False,False,11.54,Technology Hardware,False,6.65,,False,TEL
Value,False,False,False,7.12,False,False,False,False,False,,55,10.02,,True,False,20.74,0,AVG_PERF,False,False,False,25.33,Healthcare,False,3.6,,False,IDXX
Value,False,False,False,15.59,False,False,False,False,False,,55,9.02,,True,False,27.15,2,AVG_PERF,False,False,False,48.93,Healthcare,False,2.55,,False,BAX
Value,False,False,False,10.06,False,False,False,False,False,,99,7.36,,False,False,19.97,3,UNDER_PERF,False,False,False,22.78,Software & Services,False,2.55,,False,TWTR
Value,False,False,False,8.86,True,False,False,False,False,,107,6.62,,False,False,25.36,3,AVG_PERF,False,False,False,40.78,Utilities,False,9.88,,False,EXC
Value,False,False,False,7.36,False,False,False,False,False,,99,5,,False,False,12.49,2,UNDER_PERF,False,False,False,4.36,Software & Services,False,0.13,,False,EA
Value,False,False,False,5.52,False,False,False,False,False,,53,8.04,,False,False,21.6,2,AVG_PERF,False,False,False,28.12,Technology Hardware,False,8.04,,True,APH
Value,False,False,False,15.62,False,False,False,False,True,,55,6.71,,False,False,22.47,2,AVG_PERF,False,False,False,31.41,Healthcare,False,0.14,,False,CNC
Value,False,False,False,9.83,True,False,False,False,False,,107,5.28,,False,False,35.14,2,OUT_PERF,True,False,False,74.76,Utilities,False,20.02,,False,AEP
Value,False,False,False,9.07,False,False,False,False,False,,99,4.19,,False,False,14.35,0,UNDER_PERF,False,False,False,7.8,Software & Services,False,1.1,,False,SNPS
Value,False,False,False,4.59,False,False,False,False,False,,24,5.15,,False,False,13.47,1,UNDER_PERF,False,False,False,5.99,Auto Components,False,3.73,,False,APTV
Value,False,False,False,9.34,False,False,True,False,False,,95,4.97,,False,False,23.45,2,AVG_PERF,False,False,False,33.56,Food Products,False,9.14,,False,STZ
Value,False,False,False,9.13,False,False,False,False,False,,29,8.46,,False,False,31.5,1,OUT_PERF,False,False,False,64.77,Semiconductors,False,13.91,,False,MCHP
Value,False,False,False,9.44,False,False,False,False,True,,83,6.26,,True,False,16.57,2,UNDER_PERF,False,False,False,12.8,Pharmaceuticals,False,0.87,,False,A
Value,False,False,False,13.44,False,False,False,False,True,,83,7.85,,True,False,21.3,2,AVG_PERF,False,False,False,27.2,Pharmaceuticals,False,0.02,,False,BIIB
Value,False,False,False,5.03,False,False,False,False,False,,33,4.74,,False,False,12.14,2,UNDER_PERF,False,False,False,3.88,Food Retailers,False,2.36,,False,SYY
Value,False,False,False,14.05,False,False,False,False,False,,42,5.31,,False,False,24.23,3,AVG_PERF,False,False,False,37.91,Consumer Services,False,4.88,,False,CMG
Value,False,False,False,7.35,False,False,False,False,False,,99,4.73,,False,False,13.13,0,UNDER_PERF,False,False,False,5.37,Software & Services,False,1.06,,False,CDNS
Value,False,False,False,7.85,False,False,False,False,False,,91,8.72,,False,False,17.94,2,UNDER_PERF,False,False,False,16.79,Insurance,False,1.38,,False,MET
Value,False,False,False,3.81,False,False,False,False,False,,105,6.1,,False,False,13.13,1,UNDER_PERF,False,False,False,5.34,Real Estate,False,3.23,,False,DLR
Value,False,False,False,13.04,False,False,False,False,False,,55,8.34,,True,False,27.32,2,AVG_PERF,False,False,False,49.5,Healthcare,False,5.93,,False,DXCM
Value,False,False,False,2.5700000000000003,False,False,False,False,False,,14,5.4,,False,False,13.49,3,UNDER_PERF,False,False,False,6.03,Building Products,False,5.53,,False,JCI
Value,False,False,False,3.18,False,False,False,False,False,,14,5.19,,False,False,16.23,2,UNDER_PERF,False,False,False,11.88,Building Products,False,7.87,,False,TT
Value,False,False,False,9.83,False,False,False,False,False,,85,10.87,,False,False,22.67,3,AVG_PERF,False,False,False,32.08,Diversified Financials,False,1.97,,False,BK
Value,False,False,False,5.41,False,False,False,False,False,,85,5.39,,False,False,12.41,1,UNDER_PERF,False,False,False,4.28,Diversified Financials,False,1.6099999999999999,,False,MSCI
Value,False,False,False,6.25,False,False,False,False,False,,29,7.88,,False,False,18.93,1,UNDER_PERF,False,False,False,19.58,Semiconductors,False,4.8,,False,XLNX
Value,False,False,False,12.09,False,False,False,False,False,,53,7.26,,False,False,27.65,2,AVG_PERF,False,False,False,50.84,Machinery,False,8.3,,True,PH
Value,False,False,False,10.98,False,False,False,False,False,,83,7.08,,True,False,19.39,2,UNDER_PERF,False,False,False,21,Pharmaceuticals,False,1.33,,False,IQV
Value,False,False,False,7.69,False,False,False,False,False,,73,7.41,,True,False,24.42,1,AVG_PERF,False,False,False,38.63,Chemicals,False,9.32,,False,PPG
Value,False,False,False,9.04,False,False,False,False,False,,95,4.15,,True,False,21.28,2,AVG_PERF,False,False,False,25.87,Food Products,False,8.09,,False,GIS
Value,False,False,False,7.5,False,False,False,False,False,,53,6.06,,False,False,19.36,2,UNDER_PERF,False,False,False,20.88,Machinery,False,5.8,,True,CMI
Value,False,False,False,12.18,False,False,False,False,False,,37,9.62,,False,False,31.19,3,OUT_PERF,False,False,False,63.8,Automobiles,False,9.39,,False,F
Value,False,False,False,5.03,False,False,False,False,False,,53,5.15,,True,False,10.29,2,UNDER_PERF,False,False,False,2.12,Technology Hardware,False,0.11,,False,HPQ
Value,False,True,False,19.5,False,False,False,False,False,,22,7.9,,True,False,36.72,3,OUT_PERF,False,False,False,80.53,Aerospace & Defense,True,9.32,,True,GD
Value,False,False,False,7.04,False,False,False,False,False,,98,10.68,,False,False,18.84,1,UNDER_PERF,False,False,False,18.04,Insurance,False,1.12,,False,TRV
Value,False,False,False,10.81,False,False,False,False,False,,91,14.71,,False,False,27.39,2,AVG_PERF,False,False,False,49.76,Insurance,False,1.87,,False,AIG
Value,False,False,False,11.79,False,False,False,False,False,,85,5.78,,False,False,19.5,2,UNDER_PERF,False,False,False,21.37,Diversified Financials,False,1.94,,False,TROW
Value,False,False,False,9.33,False,False,False,False,False,,99,6.45,,False,False,16.71,2,UNDER_PERF,False,False,False,13.17,Software & Services,False,0.93,,False,EBAY
Value,False,False,False,10.03,False,False,False,False,False,,45,3.9,,False,False,21.79,3,AVG_PERF,False,False,False,27.67,Consumer Services,False,7.85,,False,MAR
Value,False,False,False,9.82,False,False,False,False,False,,10,6.7,,False,False,23.82,1,AVG_PERF,False,False,False,36.26,Energy Services,False,7.31,,False,SLB
Value,False,False,False,9.26,False,False,False,False,False,,103,5.58,,False,False,30.17,3,OUT_PERF,False,False,False,60.21,Utilities,False,15.33,,False,SRE
Value,False,False,False,10.72,False,False,False,False,False,,92,5.11,,False,False,28.26,2,AVG_PERF,False,False,False,53.01,Food Products,False,12.43,,False,MNST
Value,False,False,False,8.73,True,False,False,False,False,,103,4.36,,False,False,29.35,1,AVG_PERF,True,False,False,57.17,Utilities,False,16.26,,False,XEL
Value,False,False,False,11.06,False,False,False,False,False,,64,8.24,,False,False,38.97,1,OUT_PERF,False,False,False,84.67,Oil & Gas Producers,False,19.67,,False,EOG
Value,False,False,False,8.89,False,False,False,False,False,,57,4.06,,False,False,13.12,1,UNDER_PERF,False,False,False,5.32,Retailing,False,0.16,,False,ORLY
Value,False,False,False,15.92,False,False,False,False,False,,31,7.5600000000000005,,False,False,23.52,1,AVG_PERF,False,False,False,35.27,Commercial Services,False,0.05,,False,INFO
Value,False,False,False,7.7,False,False,False,False,False,,98,11.17,,False,False,20.61,2,AVG_PERF,False,False,False,23.71,Insurance,False,1.74,,False,ALL
Value,False,False,False,2.55,False,False,False,False,False,,105,5.24,,False,False,12.3,1,UNDER_PERF,False,False,False,4.13,Real Estate,False,4.51,,False,PSA
Value,False,False,False,13.62,False,False,False,False,False,,55,9.93,,True,False,28.08,2,AVG_PERF,False,False,False,52.49,Healthcare,False,4.53,,False,ZBH
Value,False,False,False,19.84,False,False,False,False,False,,22,8.48,,False,False,39.54,2,OUT_PERF,False,False,False,85.74,Aerospace & Defense,False,11.21,,True,TDG
Value,False,False,False,11.52,False,False,False,False,False,,33,4.73,,False,False,18.38,3,UNDER_PERF,False,False,False,18.01,Food Retailers,False,2.13,,False,WBA
Value,False,False,False,7.33,False,False,False,False,False,,91,9.06,,False,False,17.44,2,UNDER_PERF,False,False,False,15.13,Insurance,False,1.05,,False,PRU
Value,False,False,False,12.9,False,False,False,False,False,,42,4.8,,False,False,21.69,3,AVG_PERF,False,False,False,28.47,Consumer Services,False,3.99,,False,YUM
Value,False,False,False,8.13,False,False,False,False,False,,42,3.88,,False,False,19.95,2,UNDER_PERF,False,False,False,22.75,Consumer Services,False,7.94,,False,HLT
Value,False,False,False,8.08,False,False,False,False,False,,37,5.54,,False,False,32.87,3,OUT_PERF,False,False,False,69.39,Refiners & Pipelines,False,19.25,,False,PSX
Value,False,False,False,8.96,False,False,False,False,False,,99,5.02,,False,False,15.12,0,UNDER_PERF,False,False,False,9.28,Software & Services,False,1.13,,False,ANSS
Value,False,False,False,9.61,False,False,False,False,False,,31,7.06,,False,False,21.21,2,AVG_PERF,False,False,False,26.89,Commercial Services,False,4.54,,False,CTAS
Value,False,False,False,12.5,False,False,False,False,False,,55,10.53,,True,False,26.65,1,AVG_PERF,False,False,False,47.23,Healthcare,False,3.62,,False,RMD
Value,False,False,False,11.28,False,False,False,False,False,,53,8.56,,False,False,28.14,3,AVG_PERF,False,False,False,52.69,Machinery,False,8.3,,False,PCAR
Value,False,False,False,9.65,False,False,False,False,False,,103,6.14,,False,False,21.79,2,AVG_PERF,False,False,False,28.79,Utilities,False,6,,False,ES
Value,False,False,False,7.3,False,False,False,False,False,,17,5.88,,False,False,19.49,1,UNDER_PERF,False,False,False,21.31,Electrical Equipment,False,6.31,,False,ROK
Value,False,False,False,10.98,False,False,False,False,False,,85,9.83,,False,False,20.91,1,AVG_PERF,False,False,False,25.96,Diversified Financials,False,0.11,,False,DFS
Value,False,False,False,1.27,False,False,False,False,False,,11,3.94,,False,False,13.83,1,UNDER_PERF,False,False,False,6.76,Containers & Packaging,False,8.62,,True,BLL
Value,False,False,False,8.89,False,False,False,False,False,,60,5.36,,False,False,16.28,4,UNDER_PERF,False,False,False,10.97,Healthcare,False,2.04,,False,MCK
Value,False,False,False,9.81,False,False,False,False,False,,99,6.1,,False,False,17.08,0,UNDER_PERF,False,False,False,14.12,Software & Services,False,1.17,,False,PAYX
Value,False,False,False,7.86,False,False,False,False,False,,91,12.64,,False,False,22.96,2,AVG_PERF,False,False,False,33.23,Insurance,False,2.46,,False,AFL
Value,False,False,False,13.51,False,False,False,False,False,,92,5.06,,True,False,34.48,3,OUT_PERF,False,False,False,74.38,Food Products,False,15.91,,False,ADM
Value,False,False,False,7.18,False,False,False,False,False,,83,5.3,,False,False,13.06,1,UNDER_PERF,False,False,False,5.18,Pharmaceuticals,False,0.58,,False,MTD
Value,False,False,False,7.4,False,False,False,False,False,,53,5.3,,False,False,14.62,3,UNDER_PERF,False,False,False,8.34,Technology Hardware,False,1.9300000000000002,,False,MSI
Value,False,False,False,7.17,False,False,False,False,False,,57,3.7800000000000002,,False,False,11,2,UNDER_PERF,False,False,False,2.65,Retailing,False,0.05,,False,AZO
Value,False,False,False,6.71,False,False,False,False,False,,37,5.96,,False,False,27.72,3,AVG_PERF,False,False,False,51.11,Refiners & Pipelines,False,15.06,,False,MPC
Value,False,False,False,9.95,False,False,False,False,False,,17,7.69,,False,False,25.95,1,AVG_PERF,False,False,False,44.61,Electrical Equipment,False,8.32,,True,AME
Value,False,False,False,8.66,False,False,False,False,False,,17,7.05,,False,False,24.62,2,AVG_PERF,False,False,False,39.37,Traders & Distributors,False,8.91,,False,FAST
Value,False,False,False,12.55,False,False,False,False,False,,53,8.3,,False,False,26.57,1,AVG_PERF,False,False,False,46.96,Machinery,False,5.72,,False,SWK
Value,False,False,False,6.09,False,False,False,False,False,,37,3.7199999999999998,,False,False,18.36,2,UNDER_PERF,False,False,False,17.95,Refiners & Pipelines,False,8.55,,False,KMI
Value,False,False,False,8.66,True,False,False,False,False,,103,5.74,,False,False,28.94,2,AVG_PERF,True,False,False,55.67,Utilities,False,14.53,,False,PEG
Value,False,False,False,5.2,False,False,False,False,True,,53,6.89,,False,False,20,2,UNDER_PERF,False,False,False,22.91,Technology Hardware,False,7.91,,False,GLW
Value,False,False,False,6.83,False,False,False,False,False,,18,4.96,,False,False,12.73,2,UNDER_PERF,False,False,False,4.68,Textiles & Apparel,False,0.9400000000000001,,False,VFC
Value,False,False,False,15.24,False,False,False,False,False,,47,5.66,,False,False,31.03,2,OUT_PERF,False,False,False,61.62,Transportation,False,10.14,,False,LUV
Value,False,False,False,4.33,False,False,False,False,False,,105,5.88,,False,False,14.72,1,UNDER_PERF,False,False,False,8.53,Real Estate,False,4.51,,False,SPG
Value,False,False,False,9.24,True,False,False,False,False,,103,5.43,,False,False,32.53,1,OUT_PERF,True,False,False,68.31,Utilities,False,17.85,,False,WEC
Value,False,False,False,9.33,False,False,False,False,False,,103,5.27,,False,False,27.66,2,AVG_PERF,False,False,False,50.91,Utilities,False,13.06,,False,AWK
Value,False,False,False,12.43,False,False,False,False,False,,94,8.52,,False,False,22.5,2,AVG_PERF,False,False,False,30.16,Diversified Financials,False,1.56,,False,STT
Value,False,False,False,9.51,False,False,False,False,False,,29,8.5,,False,False,32.93,0,OUT_PERF,False,False,False,69.57,Semiconductors,False,14.92,,False,SWKS
Value,False,False,False,8.55,False,False,False,False,False,,57,5.61,,False,False,17.56,2,UNDER_PERF,False,False,False,15.44,Retailing,False,3.4,,False,DLTR
Value,False,False,False,10.3,False,False,False,False,False,,91,10.3,,False,False,20.73,2,AVG_PERF,False,False,False,25.33,Insurance,False,0.13,,False,WLTW
Value,False,False,False,3.2,False,False,False,False,False,,105,4.64,,False,False,11.31,1,UNDER_PERF,False,False,False,2.9699999999999998,Real Estate,False,3.47,,False,WELL
Value,False,False,False,8.52,False,False,False,False,False,,37,3.2,,False,False,20.7,2,AVG_PERF,False,False,False,25.22,Refiners & Pipelines,False,8.98,,False,WMB
Value,False,False,False,2.24,False,False,False,False,False,,53,5.08,,False,False,9.35,1,LAG_PERF,False,False,False,1.6600000000000001,Technology Hardware,False,2.03,,False,KEYS
Value,False,False,False,11.83,False,False,False,False,False,,41,5.15,,False,False,26.46,2,AVG_PERF,False,False,False,46.54,Transportation,False,9.48,,False,DAL
Value,False,False,False,11.76,False,False,False,False,False,,31,6.82,,False,False,22.71,1,AVG_PERF,False,False,False,32.22,Commercial Services,False,4.13,,False,CPRT
Value,False,False,False,3.44,False,False,False,False,False,,9,4,,False,False,17.27,2,UNDER_PERF,True,False,False,14.66,Paper & Forestry,False,9.83,,False,WY
Value,False,False,False,3.21,False,False,False,False,False,,73,7.07,,False,False,26.75,2,AVG_PERF,False,False,False,47.62,Chemicals,False,16.48,,False,LYB
Value,False,False,False,7.25,False,False,False,False,False,,57,4.85,,False,False,14.31,2,UNDER_PERF,False,False,False,7.75,Retailing,False,2.22,,False,BBY
Value,False,False,False,8.5,False,False,False,False,False,,27,5.78,,True,False,22,2,AVG_PERF,False,False,False,29.6,Household Products,False,7.72,,False,CLX
Value,False,False,False,9.33,False,False,False,False,False,,38,5.99,,False,False,20.51,3,AVG_PERF,False,False,False,23.5,Food Retailers,False,5.19,,False,KR
Value,False,False,False,14.18,False,False,False,False,False,,35,5.53,,False,False,35.35,2,OUT_PERF,False,False,False,76.59,Industrial Conglomerates,False,15.63,,False,FTV
Value,False,False,False,12.89,False,False,False,False,False,,55,6.78,,False,False,19.8,2,UNDER_PERF,False,False,False,22.27,Healthcare,False,0.14,,False,CERN
Value,False,False,False,6.87,False,False,False,False,False,,39,5.41,,False,False,28.4,3,AVG_PERF,False,False,False,51.79,Refiners & Pipelines,False,16.12,,False,VLO
Value,False,False,False,13.51,False,False,False,False,False,,103,6.51,,False,False,25.06,3,AVG_PERF,False,False,False,41.04,Utilities,False,5.04,,False,ED
Value,False,False,False,7.54,False,False,False,False,False,,85,12.29,,False,False,22.63,2,AVG_PERF,False,False,False,31.94,Diversified Financials,False,2.8,,False,AMP
Value,False,False,False,14.14,False,False,False,False,False,,92,5.32,,False,False,28.43,2,AVG_PERF,False,False,False,53.69,Food Products,False,8.96,,False,MKC
Value,False,False,False,10.57,True,False,False,False,False,,103,6.36,,False,False,27.26,3,AVG_PERF,False,False,False,49.31,Utilities,False,10.32,,False,EIX
Value,False,False,False,6.93,True,False,False,False,False,,103,5.03,,False,False,25.37,2,AVG_PERF,True,False,False,42.3,Utilities,False,13.41,,False,DTE
Value,False,False,False,7.19,False,False,False,False,False,,9,6.02,,False,False,22.55,2,AVG_PERF,False,False,False,31.66,Homebuilders,False,9.34,,False,DHI
Value,False,False,False,8.19,False,False,False,False,False,,165,9.23,,False,False,18.65,2,UNDER_PERF,False,False,False,18.82,Banks,False,1.23,,False,FITB
Value,False,False,False,12.92,False,False,False,False,False,,165,14.11,,False,False,29.13,0,AVG_PERF,False,False,False,56.41,Banks,False,2.11,,False,SIVB
Value,False,False,False,10.09,False,False,False,False,False,,92,5.11,,False,False,25.75,3,AVG_PERF,False,False,False,43.75,Food Products,False,10.54,,False,HSY
Value,False,False,False,2.92,False,False,False,False,False,,105,4.4,,False,False,10.28,0,UNDER_PERF,False,False,False,2.1,Real Estate,False,2.95,,False,AVB
Value,False,False,False,14.41,False,False,False,False,False,,92,6.75,,True,False,34.44,3,OUT_PERF,False,False,False,74.29,Food Products,False,13.28,,False,KHC
Value,False,False,False,9.14,False,False,False,False,False,,71,8.8,,False,False,33.08,1,OUT_PERF,False,False,False,68.72,Oil & Gas Producers,False,15.15,,False,PXD
Value,False,False,False,6,False,False,False,False,False,,29,5.78,,False,False,18.74,0,UNDER_PERF,False,False,False,19.09,Semiconductors,False,6.97,,False,TER
Value,False,False,False,5.17,False,False,False,False,False,,14,8.87,,False,False,29.03,2,AVG_PERF,False,False,False,56.06,Construction Materials,False,15,,False,VMC
Value,False,False,False,8.37,False,False,False,False,False,,103,5.51,,False,False,33.59,2,OUT_PERF,True,False,False,71.67,Utilities,False,19.71,,False,PPL
Value,False,False,False,7.67,False,False,False,False,False,,55,6.94,,True,False,15.29,2,UNDER_PERF,False,False,False,9.67,Healthcare,False,0.67,,False,LH
Value,False,False,False,8,False,False,False,False,True,,27,6.96,,True,False,22.47,2,AVG_PERF,False,False,False,31.4,Household Products,False,7.5,,False,CHD
Value,False,False,False,9.33,False,False,False,False,False,,9,5.67,,False,False,24.53,2,AVG_PERF,False,False,False,39,Homebuilders,False,9.53,,False,LEN
Value,False,False,False,5.46,False,False,False,False,False,,105,4.73,,False,False,14.23,0,UNDER_PERF,False,False,False,7.6,Real Estate,False,4.04,,False,O
Value,False,False,False,2.48,False,False,False,False,False,,105,3.24,,False,False,6.99,1,LAG_PERF,False,False,False,1.17,Real Estate,False,1.27,,False,CBRE
Value,False,False,False,4.79,False,False,False,False,False,,9,5.19,,False,False,24.8,3,AVG_PERF,False,False,False,40.05,Paper & Forestry,False,14.82,,False,IP
Value,False,False,False,8.91,False,False,False,False,False,,29,7.19,,False,False,32.18,0,OUT_PERF,False,False,False,67.15,Semiconductors,False,16.08,,False,QRVO
Value,False,False,False,6.01,False,False,False,False,False,,31,3.38,,False,False,21.07,3,AVG_PERF,False,False,False,26.52,Commercial Services,False,11.69,,False,RSG
Value,False,False,False,10.16,False,False,False,False,False,,41,3.9699999999999998,,False,False,23.57,2,AVG_PERF,False,False,False,35.41,Transportation,False,9.44,,False,KSU
Value,False,False,False,14.28,False,False,False,False,False,,55,11.72,,True,False,30.45,2,OUT_PERF,False,False,False,61.13,Healthcare,False,4.45,,False,HOLX
Value,False,False,False,11.5,False,False,False,False,False,,94,7.02,,False,False,18.63,1,UNDER_PERF,False,False,False,17.53,Diversified Financials,False,0.11,,False,SYF
Value,False,False,False,9.21,False,False,False,False,False,,73,8.9,,True,False,37.21,1,OUT_PERF,False,False,False,81.54,Chemicals,False,19.09,,False,ALB
Value,False,False,False,7.93,False,False,False,False,False,,53,5.11,,False,False,16.57,2,UNDER_PERF,False,False,False,12.83,Machinery,False,3.5300000000000002,,False,XYL
Value,False,False,False,14.42,False,False,False,False,False,,99,9.42,,False,False,25.95,2,AVG_PERF,False,False,False,44.57,Software & Services,False,2.11,,False,EXPE
Value,False,False,False,12.13,False,False,False,False,False,,99,6.17,,False,False,19.53,2,UNDER_PERF,False,False,False,21.46,Software & Services,False,1.23,,False,FTNT
Value,False,False,False,4.9,False,False,False,False,False,,14,8.99,,False,False,31.78,2,OUT_PERF,False,False,False,65.82,Construction Materials,False,17.9,,False,MLM
Value,False,False,False,6.52,False,False,False,False,False,,17,5.93,,False,False,16.81,1,UNDER_PERF,False,False,False,13.41,Traders & Distributors,False,4.36,,False,URI
Value,False,False,True,8.1,False,False,False,False,False,,42,8.65,,False,False,18.36,2,UNDER_PERF,False,False,False,17.95,Consumer Services,False,1.6099999999999999,,False,LVS
Value,False,False,False,13.47,False,False,False,False,False,,92,10.18,,False,False,36.56,4,OUT_PERF,False,False,False,80.18,Food Products,False,12.91,,False,TSN
Value,False,False,False,8.48,True,False,False,False,False,,103,6.52,,False,False,33.54,2,OUT_PERF,True,False,False,71.56,Utilities,False,18.54,,False,ETR
Value,False,False,False,13.4,False,False,False,False,False,,165,11.8,,False,False,27.23,2,AVG_PERF,False,False,False,49.24,Banks,False,2.02,,False,MTB
Value,False,False,False,3.29,False,False,False,False,False,,53,3.45,,False,False,9.14,0,LAG_PERF,False,False,False,1.58,Technology Hardware,False,2.4,,False,CDW
Value,False,False,False,14.14,False,False,False,False,False,,53,6.44,,False,False,28.37,1,AVG_PERF,False,False,False,53.45,Machinery,False,7.79,,False,DOV
Value,False,False,False,7.86,True,False,False,False,False,,103,5.55,,False,False,29.14,2,AVG_PERF,True,False,False,56.49,Utilities,False,15.73,,False,AEE
Value,False,False,False,8.84,False,False,False,False,False,,19,4.66,,False,False,19.37,2,UNDER_PERF,False,False,False,20.93,Consumer Durables,False,5.87,,False,GRMN
Value,False,False,False,8.13,False,False,False,False,False,,37,3.4,,False,False,25.36,1,AVG_PERF,False,False,False,42.24,Refiners & Pipelines,False,13.83,,False,OKE
Value,False,False,False,7.31,False,False,False,False,False,,91,9.44,,False,False,18.4,2,UNDER_PERF,False,False,False,18.06,Insurance,False,1.65,,False,HIG
Value,False,False,False,10.98,False,False,False,False,False,,165,10.86,,False,False,24.01,1,AVG_PERF,False,False,False,37.04,Banks,False,2.18,,False,KEY
Value,False,False,False,5.57,False,False,False,False,False,,17,6.05,,False,False,14.9,1,UNDER_PERF,False,False,False,8.87,Traders & Distributors,False,3.2800000000000002,,False,GWW
Value,False,False,False,9.62,False,False,False,False,False,,10,6.65,,False,False,24.07,2,AVG_PERF,False,False,False,37.3,Energy Services,False,7.8,,False,HAL
Value,False,False,False,10.65,False,False,False,False,True,,83,6.25,,True,False,18.19,2,UNDER_PERF,False,False,False,17.46,Pharmaceuticals,False,1.28,,False,PKI
Value,False,False,False,10.73,False,False,False,False,True,,55,7.01,,True,False,20.84,2,AVG_PERF,False,False,False,25.73,Healthcare,False,3.1,,False,COO
Value,False,False,False,4.03,False,False,False,False,True,,105,4.48,,False,False,11.91,0,UNDER_PERF,False,False,False,3.65,Real Estate,False,3.4,,False,VTR
Value,False,False,False,10.85,False,False,False,False,False,,64,6.75,,False,False,37.6,2,OUT_PERF,False,False,False,82.3,Oil & Gas Producers,False,20,,False,OXY
Value,False,False,False,10.18,False,False,False,False,False,,165,10.15,,False,False,22.21,2,AVG_PERF,False,False,False,30.37,Banks,False,1.88,,False,CFG
Value,False,False,False,6.58,False,False,False,False,False,,57,4.26,,False,False,13.73,2,UNDER_PERF,False,False,False,6.5600000000000005,Retailing,False,2.89,,False,TSCO
Value,False,False,False,16.02,False,False,False,False,False,,23,9.73,,False,False,36.63,2,OUT_PERF,False,False,False,80.34,Steel,False,10.88,,False,NUE
Value,False,False,False,9.8,False,False,False,False,False,,165,7.84,,False,False,19.4,2,UNDER_PERF,False,False,False,21.01,Banks,False,1.76,,False,RF
Value,False,False,False,18.26,False,False,False,False,False,,83,7.64,,True,False,26.01,1,AVG_PERF,False,False,False,44.97,Pharmaceuticals,False,0.11,,False,INCY
Value,False,False,False,10.35,False,False,False,False,False,,99,7.88,,False,False,20.16,1,AVG_PERF,False,False,False,23.48,Software & Services,False,1.9300000000000002,,False,AKAM
Value,False,False,False,6.36,False,False,False,False,False,,64,7.15,,False,False,29.7,2,AVG_PERF,False,False,False,58.43,Oil & Gas Producers,False,16.18,,False,HES
Value,False,False,False,10.08,False,False,False,False,False,,55,8.65,,False,False,18.85,3,UNDER_PERF,False,False,False,19.33,Healthcare,False,0.12,,False,DGX
Value,False,False,False,4.15,False,False,False,False,False,,53,5.6,,False,False,12.03,1,UNDER_PERF,False,False,False,3.7800000000000002,Technology Hardware,False,2.2800000000000002,,False,WDC
Value,False,False,False,5.37,False,False,False,False,False,,55,4.44,,True,False,11.81,3,UNDER_PERF,False,False,False,3.52,Healthcare,False,1.99,,False,CAH
Value,False,False,False,16.45,False,False,False,False,False,,92,4.68,,False,False,32.83,2,OUT_PERF,False,False,False,69.2,Food Products,False,11.7,,False,CAG
Value,False,False,False,7.36,False,False,False,False,False,,57,5.92,,False,False,17.03,1,UNDER_PERF,False,False,False,13.96,Retailing,False,3.74,,False,ULTA
Value,False,False,False,7.92,False,False,False,False,False,,57,4.04,,False,False,12.03,1,UNDER_PERF,False,False,False,3.79,Retailing,False,0.08,,False,KMX
Value,False,False,False,8.31,False,False,False,False,False,,103,5.95,,False,False,35.05,2,OUT_PERF,True,False,False,75.96,Utilities,False,20.79,,False,AES
Value,False,False,False,7.71,False,False,False,False,False,,73,7.47,,True,False,30.6,2,OUT_PERF,False,False,False,61.65,Chemicals,False,15.42,,False,CE
Value,False,False,False,10.67,False,False,False,False,False,,83,6.14,,True,False,18.29,0,UNDER_PERF,False,False,False,17.74,Pharmaceuticals,False,1.48,,False,WAT
Value,False,False,False,13.34,False,False,False,False,False,,42,4.73,,False,False,26.21,2,AVG_PERF,False,False,False,45.59,Consumer Services,False,8.15,,False,DRI
Value,False,False,False,9.06,False,False,False,False,False,,53,8.43,,False,False,17.89,2,UNDER_PERF,False,False,False,16.63,Technology Hardware,False,0.4,,False,ANET
Value,False,False,False,9.83,False,False,False,False,False,,103,7.29,,False,False,34.51,3,OUT_PERF,True,False,False,74.49,Utilities,False,17.39,,False,FE
Value,False,False,False,9.23,False,False,False,False,False,,41,5.28,,False,False,18.57,0,UNDER_PERF,False,False,False,18.61,Transportation,False,4.05,,False,EXPD
Value,False,False,False,7.97,False,False,False,False,False,,99,5.92,,False,False,14.57,2,UNDER_PERF,False,False,False,8.21,Software & Services,False,0.68,,False,CTXS
Value,False,False,False,13.54,False,False,False,False,False,,73,7.25,,True,False,38.66,2,OUT_PERF,False,True,False,84.24,Chemicals,False,17.86,,False,FMC
Value,False,False,False,4.5600000000000005,False,False,False,False,False,,85,5.36,,False,False,11.73,2,UNDER_PERF,False,False,False,3.41,Diversified Financials,False,1.81,,False,NDAQ
Value,False,False,False,14.83,False,False,False,False,False,,92,4.74,,True,False,27.02,2,AVG_PERF,False,False,False,48.47,Food Products,False,7.45,,False,K
Value,False,False,False,9.72,False,False,False,False,False,,42,3.86,,False,False,23.89,3,AVG_PERF,False,False,False,36.52,Consumer Services,False,10.31,,False,CCL
Value,False,False,False,4.92,False,False,False,False,False,,53,6.46,,False,False,12.14,2,UNDER_PERF,False,False,False,3.89,Technology Hardware,False,0.76,,False,HPE
Value,False,False,False,14.98,False,False,False,False,False,,42,6.8100000000000005,,False,False,26.86,2,AVG_PERF,False,False,False,47.93,Consumer Services,False,5.07,,False,DPZ
Value,False,False,False,5.07,False,False,False,False,False,,57,3.88,,False,False,12.64,2,UNDER_PERF,False,False,False,4.57,Retailing,False,3.68,,False,GPC
Value,False,True,False,13.75,False,False,False,False,False,,24,7.71,,False,False,25.36,3,AVG_PERF,False,False,False,42.25,Construction & Engineering,False,3.9,,True,J
Value,False,False,False,17.12,False,False,False,False,False,,31,6.28,,False,False,23.51,1,AVG_PERF,False,False,False,35.22,Commercial Services,False,0.11,,False,IT
Value,False,False,False,11.31,False,False,False,False,False,,165,7.99,,False,False,21.36,2,AVG_PERF,False,False,False,27.39,Banks,False,2.05,,False,HBAN
Value,False,False,False,14.08,False,False,False,False,False,,53,7.7,,False,False,32.18,1,OUT_PERF,False,False,False,67.18,Machinery,False,10.41,,False,WAB
Value,False,False,False,5.34,False,False,False,False,False,,73,7.8100000000000005,,True,False,24.66,2,AVG_PERF,False,False,False,39.56,Chemicals,False,11.51,,False,EMN
Value,False,False,False,7.59,False,False,False,False,False,,53,6.18,,False,False,16.44,0,UNDER_PERF,False,False,False,12.44,Technology Hardware,False,2.67,,False,NTAP
Value,False,False,False,4.29,False,False,False,False,False,,13,7.57,,False,False,25.77,1,AVG_PERF,False,False,False,42.21,Building Products,False,13.9,,False,MAS
Value,False,False,False,3.92,False,False,False,False,False,,105,4.84,,False,False,13.37,0,UNDER_PERF,False,False,False,5.8100000000000005,Real Estate,False,4.61,,False,DRE
Value,False,False,False,4.14,False,False,False,False,False,,105,5.64,,False,False,13.78,1,UNDER_PERF,False,False,False,6.67,Real Estate,False,4,,False,EXR
Value,False,False,False,6.72,False,False,False,False,False,,99,6.03,,True,False,14.07,1,UNDER_PERF,False,False,False,7.25,Software & Services,False,1.31,,False,LDOS
Value,False,False,False,10.52,False,False,False,False,False,,36,7.87,,False,False,18.46,2,UNDER_PERF,False,False,False,18.27,Media,False,0.07,,False,OMC
Value,False,False,False,8.04,False,False,False,False,False,,42,4.16,,False,False,21.34,3,AVG_PERF,False,False,False,27.36,Consumer Services,False,9.14,,False,RCL
Value,False,False,False,1.9300000000000002,False,False,False,False,False,,11,3.66,,False,False,17.68,1,UNDER_PERF,False,False,False,15.93,Containers & Packaging,False,12.09,,False,AVY
Value,False,False,False,12.3,False,False,False,False,True,,83,6.9,,True,False,20.69,2,AVG_PERF,False,False,False,25.2,Pharmaceuticals,False,1.49,,False,BIO
Value,False,False,False,3.8,False,False,False,False,False,,55,5.26,,False,False,10.66,1,UNDER_PERF,False,False,False,2.13,Technology Hardware,False,1.5899999999999999,,False,STX
Value,False,False,False,9.85,False,False,False,False,False,,92,5.96,,False,False,26.64,2,AVG_PERF,False,False,False,47.21,Food Products,False,10.83,,False,SJM
Value,False,False,False,7.63,False,False,False,False,False,,91,10.5,,False,False,20.24,1,AVG_PERF,False,False,False,23.74,Insurance,False,2.11,,False,PFG
Value,False,False,False,8.51,False,False,False,False,False,,91,13.85,,False,False,24.24,1,AVG_PERF,False,False,False,37.95,Insurance,False,1.88,,False,CINF
Value,False,False,False,10.96,False,False,False,False,False,,92,6.07,,False,False,28.65,3,AVG_PERF,False,False,False,54.53,Food Products,False,11.62,,False,HRL
Value,False,False,False,4.95,False,False,False,False,False,,105,5.11,,False,False,13.57,1,UNDER_PERF,False,False,False,6.26,Real Estate,False,3.51,,False,BXP
Value,False,False,False,13.61,False,False,False,False,False,,41,5.54,,False,False,30.43,2,OUT_PERF,False,False,False,61.04,Transportation,False,11.28,,False,UAL
Value,False,False,False,5.73,False,False,False,False,False,,73,6.71,,True,False,22.82,2,AVG_PERF,False,False,False,32.72,Chemicals,False,10.39,,False,IFF
Value,False,False,False,9.71,False,False,False,False,False,,99,5.35,,False,False,16.31,0,UNDER_PERF,False,False,False,12.11,Software & Services,False,1.24,,False,JKHY
Value,False,False,True,13.08,False,False,False,False,False,,42,11.87,,False,False,27.96,2,AVG_PERF,False,False,False,52.1,Consumer Services,False,3.01,,False,MGM
Value,False,False,False,10.55,False,False,False,False,False,,99,4.95,,False,False,16.66,2,UNDER_PERF,False,False,False,13,Software & Services,False,1.17,,False,NLOK
Value,False,False,False,5.63,False,False,False,False,False,,41,5.26,,False,False,14.12,1,UNDER_PERF,False,False,False,7.33,Transportation,False,3.22,,False,JBHT
Value,False,False,False,12.94,False,False,False,False,False,,85,12.3,,False,False,27.16,2,AVG_PERF,False,False,False,48.98,Diversified Financials,False,1.92,,False,RJF
Value,False,False,False,5.33,False,False,False,False,False,,19,5.07,,False,False,10.44,2,UNDER_PERF,False,False,False,2.23,Consumer Durables,False,0.05,,False,HAS
Value,False,False,False,6.83,False,False,False,False,False,,19,4.61,,False,False,18.17,2,UNDER_PERF,False,False,False,17.39,Consumer Durables,False,6.74,,False,WHR
Value,False,False,False,9.03,False,False,False,False,False,,9,5.43,,False,False,23.72,2,AVG_PERF,False,False,False,35.9,Homebuilders,False,9.26,,False,PHM
Value,False,False,False,9.14,False,False,False,False,False,,57,3.33,,False,False,12.58,2,UNDER_PERF,False,False,False,4.49,Retailing,False,0.1,,False,AAP
Value,False,False,False,11.85,False,False,False,False,False,,103,5.88,,False,False,35.42,2,OUT_PERF,True,False,False,77.07,Utilities,False,17.69,,False,CNP
Value,False,False,False,12.31,False,False,False,False,False,,103,6.67,,False,False,31.78,2,OUT_PERF,False,False,False,65.78,Utilities,False,12.8,,False,ATO
Value,False,True,False,18.2,False,False,False,False,False,,22,7.63,,False,False,35.64,2,OUT_PERF,False,False,False,77.66,Aerospace & Defense,True,9.8,,True,TXT
Value,False,False,False,12.49,False,False,False,False,False,,99,5.4,,False,False,19.16,1,UNDER_PERF,False,False,False,20.31,Software & Services,False,1.26,,False,FFIV
Value,False,False,False,8.32,False,False,False,False,False,,64,7.74,,False,False,31.67,2,OUT_PERF,False,False,False,65.35,Oil & Gas Producers,False,15.61,,False,DVN
Value,False,False,True,11.69,False,False,False,False,False,,42,11.54,,False,False,27.38,3,AVG_PERF,False,False,False,49.73,Consumer Services,False,4.16,,False,WYNN
Value,False,False,False,17.12,False,False,False,False,False,,24,10.35,,False,False,36.26,2,OUT_PERF,False,False,False,79.26,Construction & Engineering,False,8.79,,False,PWR
Value,False,False,False,12.97,False,False,False,False,False,,66,7.7,,False,False,25.85,2,AVG_PERF,False,False,False,44.17,Telecommunication Services,False,5.17,,False,LUMN
Value,False,False,False,4.33,False,False,False,False,False,,24,6.52,,False,False,13.44,2,UNDER_PERF,False,False,False,5.91,Auto Components,False,2.6,,False,BWA
Value,False,False,False,7.46,False,False,False,False,False,,18,4.91,,False,False,13.52,2,UNDER_PERF,False,False,False,6.13,Textiles & Apparel,False,1.16,,False,TPR
Value,False,False,False,7.04,False,False,False,False,False,,91,10.16,,False,False,18.16,1,UNDER_PERF,False,False,False,17.35,Insurance,False,0.96,,False,RE
Value,False,False,False,7.92,False,False,False,False,False,,92,4.6,,False,False,22.45,2,AVG_PERF,False,False,False,31.28,Food Products,False,9.93,,False,CPB
Value,False,False,False,7.01,False,False,False,False,False,,91,8.91,,False,False,17.74,2,UNDER_PERF,False,False,False,16.13,Insurance,False,1.81,,False,LNC
Value,False,False,False,9.32,False,False,False,False,False,,36,6.11,,False,False,15.49,2,UNDER_PERF,False,False,False,10.12,Media,False,0.05,,False,IPG
Value,False,False,False,13.58,False,False,False,False,False,,53,7.57,,False,False,30.54,1,OUT_PERF,False,False,False,61.46,Machinery,False,9.39,,False,SNA
Value,False,False,False,7.02,False,False,False,False,False,,99,5.93,,False,False,14.24,3,UNDER_PERF,False,False,False,7.63,Software & Services,False,1.29,,False,WU
Value,False,False,False,12.65,False,False,False,False,False,,41,5.4,,False,False,29.81,2,AVG_PERF,False,False,False,58.73,Transportation,False,11.76,,False,AAL
Value,False,False,False,12.03,False,False,False,False,False,,73,8.42,,False,False,36.37,2,OUT_PERF,False,False,False,79.55,Chemicals,False,15.92,,False,MOS
Value,False,False,False,7.35,False,False,True,False,False,,92,5.38,,True,False,18.7,2,UNDER_PERF,False,False,False,19,Food Products,False,5.97,,False,TAP
Value,False,False,False,13.7,False,False,False,False,False,,53,6.59,,False,False,29.4,1,AVG_PERF,False,False,False,57.38,Machinery,False,9.12,,False,PNR
Value,False,False,False,9.2,False,False,False,False,False,,73,5.14,,False,False,32.96,2,OUT_PERF,False,False,False,69.68,Chemicals,False,18.62,,False,CF
Value,False,False,False,8.95,False,False,False,False,False,,103,5.55,,False,False,31.75,2,OUT_PERF,True,False,False,65.68,Utilities,False,17.26,,False,NRG
Value,False,False,False,12.53,False,False,False,False,False,,55,8.87,,True,False,21.48,2,AVG_PERF,False,False,False,27.79,Healthcare,False,0.09,,False,DVA
Value,False,False,False,9.17,True,False,False,False,False,,103,6.1,,False,False,26.3,2,AVG_PERF,True,False,False,45.97,Utilities,False,11.02,,False,PNW
Value,False,False,False,13.13,False,False,False,False,False,,165,12.21,,False,False,27.03,2,AVG_PERF,False,False,False,48.52,Banks,False,1.69,,False,CMA
Value,False,False,False,5.3,False,False,False,False,True,,19,4.16,,False,False,15.87,2,UNDER_PERF,False,False,False,10.99,Consumer Durables,False,6.41,,False,NWL
Value,False,False,False,9.66,False,False,False,False,False,,103,5.35,,False,False,30.43,3,OUT_PERF,True,False,False,61.05,Utilities,False,15.42,,False,NI
Value,False,False,False,3.52,False,False,False,False,False,,53,5.15,,False,False,11.92,0,UNDER_PERF,False,False,False,3.66,Technology Hardware,False,3.25,,False,IPGP
Value,False,False,False,4.29,False,False,False,False,False,,105,5.53,,False,False,15.14,2,UNDER_PERF,False,False,False,9.3,Real Estate,False,5.32,,False,IRM
Value,False,False,False,11.47,False,False,False,False,False,,36,9.78,,False,False,22.87,3,AVG_PERF,False,False,False,32.87,Media,False,1.62,,False,DISH
Value,False,False,False,9.27,False,False,False,False,False,,53,7,,False,False,16.65,2,UNDER_PERF,False,False,False,12.96,Technology Hardware,False,0.38,,False,JNPR
Value,False,False,False,10.97,False,False,False,False,False,,42,4.47,,False,False,27.99,2,AVG_PERF,False,False,False,52.18,Consumer Services,False,12.54,,False,NCLH
Value,False,False,False,11.61,False,False,False,False,False,,53,6.47,,False,False,25.2,2,AVG_PERF,False,False,False,41.68,Machinery,False,7.12,,False,AOS
Value,False,False,False,9.14,False,False,False,False,False,,21,5.28,,False,False,15.59,3,UNDER_PERF,False,False,False,9.48,Textiles & Apparel,False,1.17,,False,PVH
Value,False,False,False,7.16,False,False,False,False,False,,99,5.61,,False,False,13.92,2,UNDER_PERF,False,False,False,6.94,Software & Services,False,1.16,,False,DXC
Value,False,False,False,2.5300000000000002,False,False,False,False,False,,11,3.56,,False,False,20.03,2,AVG_PERF,False,False,False,23.04,Containers & Packaging,False,13.92,,False,SEE
Value,False,False,False,14.01,False,False,False,False,False,,64,9.28,,False,False,46.68,2,LEAD_PERF,False,False,False,95.21,Oil & Gas Producers,False,23.39,,False,COG
Value,False,False,False,9.27,False,False,False,False,False,,85,8.74,,False,False,19.18,2,UNDER_PERF,False,False,False,20.35,Diversified Financials,False,1.16,,False,BEN
Value,False,False,False,12.78,False,False,False,False,False,,85,9.92,,False,False,24.67,1,AVG_PERF,False,False,False,39.63,Diversified Financials,False,1.98,,False,IVZ
Value,False,False,False,3.86,False,False,False,False,False,,108,5.38,,False,False,13.14,0,UNDER_PERF,False,False,False,4.74,Real Estate,False,3.89,,False,KIM
Value,False,False,False,8.88,False,False,False,False,False,,71,7.96,,False,False,38.81,2,OUT_PERF,False,False,False,82.83,Oil & Gas Producers,False,21.98,,False,APA
Value,False,False,False,23.67,False,False,False,False,True,,83,13.35,,True,False,40.12,2,LEAD_PERF,False,False,False,86.69,Pharmaceuticals,False,3.1,,False,PRGO
Value,False,False,False,10.27,False,False,False,False,False,,64,8.7,,False,False,42.72,2,LEAD_PERF,False,False,False,90.65,Oil & Gas Producers,False,23.76,,False,MRO
Value,False,False,False,12.16,False,False,False,False,False,,165,9.78,,False,False,23.77,2,AVG_PERF,False,False,False,36.06,Banks,False,1.82,,False,PBCT
Value,False,False,False,17.19,False,False,False,False,False,,35,11.23,,False,False,48.81,2,LEAD_PERF,False,False,False,96.48,Industrial Conglomerates,False,20.38,,False,LEG
Value,False,False,False,11.64,False,False,False,False,False,,10,8.7,,False,False,32.89,1,OUT_PERF,False,False,False,69.46,Energy Services,False,12.54,,False,NOV
Value,False,False,False,4.34,False,False,False,False,False,,105,5.82,,False,False,12.42,1,UNDER_PERF,False,False,False,4.3,Real Estate,False,2.27,,False,FRT
Value,False,False,False,4.25,False,False,False,False,False,,105,6.12,,False,False,13.13,1,UNDER_PERF,False,False,False,5.37,Real Estate,False,2.75,,False,VNO
Value,False,False,False,8.83,False,False,False,False,False,,36,8.26,,False,False,17.22,1,UNDER_PERF,False,False,False,14.52,Media,False,0.13,,False,DISCA
Value,False,False,False,6.63,False,False,False,False,False,,18,5.65,,False,False,13.57,2,UNDER_PERF,False,False,False,6.29,Textiles & Apparel,False,1.29,,False,RL
Value,False,False,False,7.38,False,False,False,False,False,,18,5.46,,False,False,14.17,2,UNDER_PERF,False,False,False,7.43,Textiles & Apparel,False,1.33,,False,HBI
Value,False,False,False,7.84,False,False,False,False,False,,91,12.24,,False,False,22.74,1,AVG_PERF,False,False,False,32.41,Insurance,False,2.67,,False,UNM
Value,False,False,False,8.24,False,False,False,False,False,,57,5.91,,False,False,15.28,3,UNDER_PERF,False,False,False,9.63,Retailing,False,1.13,,False,GPS
Value,False,False,False,3.88,False,False,False,False,False,,105,6.11,,False,False,13.31,1,UNDER_PERF,False,False,False,5.76,Real Estate,False,3.31,,False,SLG
Value,False,False,False,7.97,False,False,False,False,False,,37,5.15,,False,False,34.06,1,OUT_PERF,False,False,False,73.13,Refiners & Pipelines,False,20.94,,False,HFC
Value,False,False,False,8.03,False,False,False,False,False,,57,6.14,,False,False,16.01,2,UNDER_PERF,False,False,False,11.26,Retailing,False,1.8399999999999999,,False,UAA
